orden,id_plan,sesion,controlador,perfil,comando,completada,observaciones
1,r01,1,mpc_cinematico,conservador,py -3.14 P00_control_lateral/ejecutar_corrida_retardo.py --controlador mpc_cinematico --perfil conservador --sesion 1 --fase prueba --etiqueta retardo --id-plan r01,,
2,r02,1,mpc_retardo,nominal,py -3.14 P00_control_lateral/ejecutar_corrida_retardo.py --controlador mpc_retardo --perfil nominal --sesion 1 --fase prueba --etiqueta retardo --id-plan r02,,
3,r03,1,mpc_cinematico,nominal,py -3.14 P00_control_lateral/ejecutar_corrida_retardo.py --controlador mpc_cinematico --perfil nominal --sesion 1 --fase prueba --etiqueta retardo --id-plan r03,,
4,r04,1,mpc_retardo,conservador,py -3.14 P00_control_lateral/ejecutar_corrida_retardo.py --controlador mpc_retardo --perfil conservador --sesion 1 --fase prueba --etiqueta retardo --id-plan r04,,
5,r05,2,mpc_retardo,conservador,py -3.14 P00_control_lateral/ejecutar_corrida_retardo.py --controlador mpc_retardo --perfil conservador --sesion 2 --fase prueba --etiqueta retardo --id-plan r05,,
6,r06,2,mpc_retardo,nominal,py -3.14 P00_control_lateral/ejecutar_corrida_retardo.py --controlador mpc_retardo --perfil nominal --sesion 2 --fase prueba --etiqueta retardo --id-plan r06,,
7,r07,3,mpc_retardo,conservador,py -3.14 P00_control_lateral/ejecutar_corrida_retardo.py --controlador mpc_retardo --perfil conservador --sesion 3 --fase prueba --etiqueta retardo --id-plan r07,,
8,r08,3,mpc_retardo,nominal,py -3.14 P00_control_lateral/ejecutar_corrida_retardo.py --controlador mpc_retardo --perfil nominal --sesion 3 --fase prueba --etiqueta retardo --id-plan r08,,
9,r09,4,mpc_retardo,conservador,py -3.14 P00_control_lateral/ejecutar_corrida_retardo.py --controlador mpc_retardo --perfil conservador --sesion 4 --fase prueba --etiqueta retardo --id-plan r09,,
10,r10,4,mpc_retardo,nominal,py -3.14 P00_control_lateral/ejecutar_corrida_retardo.py --controlador mpc_retardo --perfil nominal --sesion 4 --fase prueba --etiqueta retardo --id-plan r10,,
11,r11,5,mpc_retardo,conservador,py -3.14 P00_control_lateral/ejecutar_corrida_retardo.py --controlador mpc_retardo --perfil conservador --sesion 5 --fase prueba --etiqueta retardo --id-plan r11,,
12,r12,5,mpc_retardo,nominal,py -3.14 P00_control_lateral/ejecutar_corrida_retardo.py --controlador mpc_retardo --perfil nominal --sesion 5 --fase prueba --etiqueta retardo --id-plan r12,,
13,r13,5,mpc_cinematico,conservador,py -3.14 P00_control_lateral/ejecutar_corrida_retardo.py --controlador mpc_cinematico --perfil conservador --sesion 5 --fase prueba --etiqueta retardo --id-plan r13,,
14,r14,5,mpc_cinematico,nominal,py -3.14 P00_control_lateral/ejecutar_corrida_retardo.py --controlador mpc_cinematico --perfil nominal --sesion 5 --fase prueba --etiqueta retardo --id-plan r14,,
